username, TTR, Mean word rank, Mean naming RT, AoA,W,S,VP,C,T,DC,CT,CP,CN,MLS,MLT,MLC,C/S,VP/T,C/T,DC/C,DC/T,T/S,CT/T,CP/T,CP/C,CN/T,CN/C
10art1_US,0.026910948,2143.490558,606.7457164,5.304823452,509994,32516,86018,68691,37728,28361,18168,8588,50617,15.6844,13.5177,7.4245,2.1125,2.28,1.8207,0.4129,0.7517,1.1603,0.4816,0.2276,0.125,1.3416,0.7369
4ringcircus_US,0.021891589,2097.547117,605.6123125,5.294224638,975020,84947,163047,129143,86530,44237,32770,15470,97958,11.478,11.268,7.5499,1.5203,1.8843,1.4925,0.3425,0.5112,1.0186,0.3787,0.1788,0.1198,1.1321,0.7585
7LeagueBoots_US,0.028921356,2379.749569,608.8408344,5.294997956,68080,3608,9054,7079,4223,2688,1878,1523,7671,18.8692,16.1212,9.6172,1.962,2.144,1.6763,0.3797,0.6365,1.1705,0.4447,0.3606,0.2151,1.8165,1.0836
aaronwhite1786_US,0.022663758,1527.830014,602.3982667,4.958743315,100414,5461,16176,11853,6423,5070,3321,1944,9774,18.3875,15.6335,8.4716,2.1705,2.5184,1.8454,0.4277,0.7894,1.1762,0.517,0.3027,0.164,1.5217,0.8246
adlerchen_US,0.029836624,2822.960684,611.7443002,5.580159568,5528,214,659,510,271,232,138,141,681,25.8318,20.3985,10.8392,2.3832,2.4317,1.8819,0.4549,0.8561,1.2664,0.5092,0.5203,0.2765,2.5129,1.3353
AdmiralAkbar1_US,0.03595765,2811.39307,609.77953,5.376062639,14583,664,1806,1369,768,559,370,315,1624,21.9623,18.9883,10.6523,2.0617,2.3516,1.7826,0.4083,0.7279,1.1566,0.4818,0.4102,0.2301,2.1146,1.1863
Afflo_US,0.032572835,2455.625082,608.9653233,5.307456598,25297,1331,3377,2597,1609,890,717,545,2702,19.006,15.7222,9.7409,1.9512,2.0988,1.614,0.3427,0.5531,1.2089,0.4456,0.3387,0.2099,1.6793,1.0404
Aleitheo_UK,0.024514108,1803.410881,604.4734086,5.136228196,755,33,115,89,41,36,24,11,72,22.8788,18.4146,8.4831,2.697,2.8049,2.1707,0.4045,0.878,1.2424,0.5854,0.2683,0.1236,1.7561,0.809
Ameisen_US,0.029452392,2958.063328,611.9443031,5.56434257,91899,6873,13946,11077,7362,3684,2585,1701,8931,13.371,12.4829,8.2964,1.6117,1.8943,1.5046,0.3326,0.5004,1.0711,0.3511,0.2311,0.1536,1.2131,0.8063
AnotherSmegHead_US,0.031930261,2023.352318,605.1091521,5.15748897,7055,395,1028,816,470,276,199,135,712,17.8608,15.0106,8.6458,2.0658,2.1872,1.7362,0.3382,0.5872,1.1899,0.4234,0.2872,0.1654,1.5149,0.8725
AtomicKoala_Ireland,0.023629154,2644.555827,611.066793,5.546681729,1400197,103890,216911,171637,111081,56624,41516,20420,149282,13.4777,12.6052,8.1579,1.6521,1.9527,1.5452,0.3299,0.5098,1.0692,0.3737,0.1838,0.119,1.3439,0.8698
auryn0151_US,0.024201043,2127.279859,606.9988268,5.363684,1404254,89782,232528,173992,97424,74052,47407,22766,150949,15.6407,14.4138,8.0708,1.9379,2.3868,1.7859,0.4256,0.7601,1.0851,0.4866,0.2337,0.1308,1.5494,0.8676
banethesithari_UK,0.019450447,2102.501565,605.0109751,5.229935058,16508,675,2312,1743,776,869,459,464,1725,24.4563,21.2732,9.471,2.5822,2.9794,2.2461,0.4986,1.1198,1.1496,0.5915,0.5979,0.2662,2.2229,0.9897
bearsnchairs_US,0.026037505,2667.41516,611.0966214,5.563447132,1136,77,145,103,81,23,20,24,107,14.7532,14.0247,11.0291,1.3377,1.7901,1.2716,0.2233,0.284,1.0519,0.2469,0.2963,0.233,1.321,1.0388
ben1204_US,0.0266668,2307.261065,609.5121333,5.402032379,10821,536,1157,868,584,288,177,234,1214,20.1884,18.5291,12.4666,1.6194,1.9812,1.4863,0.3318,0.4932,1.0896,0.3031,0.4007,0.2696,2.0788,1.3986
berlin-calling_US,0.024757043,1358.003751,601.2760383,4.954314022,8393,516,1241,882,569,315,229,183,792,16.2655,14.7504,9.5159,1.7093,2.181,1.5501,0.3571,0.5536,1.1027,0.4025,0.3216,0.2075,1.3919,0.898
BlueShellOP_US,0.025420684,1870.828501,604.9522345,5.213916167,392238,23929,62131,48454,28876,18357,13269,6904,37609,16.3917,13.5835,8.0951,2.0249,2.1516,1.678,0.3789,0.6357,1.2067,0.4595,0.2391,0.1425,1.3024,0.7762
bluthru_US,0.028311372,2229.637407,608.1189215,5.419972994,880240,71223,139865,111607,74914,37657,27655,13523,91209,12.3589,11.75,7.887,1.567,1.867,1.4898,0.3374,0.5027,1.0518,0.3692,0.1805,0.1212,1.2175,0.8172
bobcobble_UK,0.011731393,2340.963301,604.0134396,5.582416068,248,10,29,23,12,12,7,3,34,24.8,20.6667,10.7826,2.3,2.4167,1.9167,0.5217,1,1.2,0.5833,0.25,0.1304,2.8333,1.4783
BoilerButtSlut_US,0.023923171,2063.187733,606.6188368,5.31077405,1033114,61202,160126,125976,71870,50917,35344,18020,101129,16.8804,14.3748,8.2009,2.0584,2.228,1.7528,0.4042,0.7085,1.1743,0.4918,0.2507,0.143,1.4071,0.8028
BonzoTheBoss_UK,0.028201328,2426.701866,609.3838602,5.343810339,9612,431,1351,1009,548,423,291,217,945,22.3016,17.5401,9.5263,2.3411,2.4653,1.8412,0.4192,0.7719,1.2715,0.531,0.396,0.2151,1.7245,0.9366
Bossman1086_US,0.023050615,1484.085374,603.5044794,5.103377408,12188,774,1698,1271,806,467,340,239,1199,15.7468,15.1216,9.5893,1.6421,2.1067,1.5769,0.3674,0.5794,1.0413,0.4218,0.2965,0.188,1.4876,0.9434
bottomlines_UK,0.025043392,2249.181453,607.4782172,5.394646648,1776,115,234,166,115,54,40,34,207,15.4435,15.4435,10.6988,1.4435,2.0348,1.4435,0.3253,0.4696,1,0.3478,0.2957,0.2048,1.8,1.247
Bridgeru_Ireland,0.030696411,2316.185267,607.5369788,5.243310372,9073,359,1381,1030,496,452,271,180,887,25.273,18.2923,8.8087,2.8691,2.7843,2.0766,0.4388,0.9113,1.3816,0.5464,0.3629,0.1748,1.7883,0.8612
BritRedditor1_UK,0.027405512,3133.659965,614.8723976,5.765795154,55639,2434,6962,5207,2699,2189,1371,975,7250,22.8591,20.6147,10.6854,2.1393,2.5795,1.9292,0.4204,0.811,1.1089,0.508,0.3612,0.1872,2.6862,1.3924
CaffeinatedT_UK,0.023880442,2263.661035,607.7144507,5.374886639,586436,26262,85625,64037,29413,31648,17165,12340,67654,22.3302,19.938,9.1578,2.4384,2.9111,2.1772,0.4942,1.076,1.12,0.5836,0.4195,0.1927,2.3001,1.0565
candre23_US,0.030164028,2186.727542,607.4200148,5.352683914,23082,1278,3345,2459,1566,885,710,471,2241,18.061,14.7395,9.3867,1.9241,2.136,1.5702,0.3599,0.5651,1.2254,0.4534,0.3008,0.1915,1.431,0.9113
canyoufeelme_UK,0.023476296,2032.796258,605.2636305,5.29318912,1593,87,260,199,95,98,49,39,161,18.3103,16.7684,8.005,2.2874,2.7368,2.0947,0.4925,1.0316,1.092,0.5158,0.4105,0.196,1.6947,0.809
CaptainCupcakez_UK,0.024178146,1919.788767,605.2242406,5.270146174,11310,529,1640,1212,634,530,302,202,1046,21.38,17.8391,9.3317,2.2911,2.5868,1.9117,0.4373,0.836,1.1985,0.4763,0.3186,0.1667,1.6498,0.863
cbfw86_UK,0.030735227,2142.98947,606.2419242,5.262045168,347934,26439,54425,43422,28229,15121,10800,5924,35150,13.1599,12.3254,8.0129,1.6423,1.928,1.5382,0.3482,0.5357,1.0677,0.3826,0.2099,0.1364,1.2452,0.8095
ChiliFlake_US,0.031709266,1617.896083,602.6692495,4.963205604,540291,38430,90440,71694,42078,25512,17900,9334,48439,14.0591,12.8402,7.5361,1.8656,2.1493,1.7038,0.3558,0.6063,1.0949,0.4254,0.2218,0.1302,1.1512,0.6756
Chive_Ireland,0.029106614,2136.865421,606.8508364,5.232161549,675422,38574,99746,78102,44390,32065,21789,12055,70952,17.5098,15.2156,8.6479,2.0247,2.247,1.7595,0.4106,0.7223,1.1508,0.4909,0.2716,0.1543,1.5984,0.9085
chowieuk_UK,0.023074801,2481.932397,610.5109343,5.552971144,21172,1052,2802,2109,1125,862,507,411,2380,20.1255,18.8196,10.0389,2.0048,2.4907,1.8747,0.4087,0.7662,1.0694,0.4507,0.3653,0.1949,2.1156,1.1285
chrisjd_UK,0.020823021,2348.109993,607.6966243,5.415926735,197614,9076,30802,23351,10774,11115,6440,3182,21597,21.7732,18.3417,8.4628,2.5728,2.8589,2.1673,0.476,1.0317,1.1871,0.5977,0.2953,0.1363,2.0045,0.9249
Clbull_UK,0.028641376,2536.01952,609.3020336,5.471197307,28045,1396,3739,2772,1595,1151,755,606,2682,20.0895,17.5831,10.1172,1.9857,2.3442,1.7379,0.4152,0.7216,1.1426,0.4734,0.3799,0.2186,1.6815,0.9675
collinsl02_UK,0.029217145,2349.305059,605.9262756,5.220768122,25720,1216,3691,2778,1445,1253,735,502,2583,21.1513,17.7993,9.2585,2.2845,2.5543,1.9225,0.451,0.8671,1.1883,0.5087,0.3474,0.1807,1.7875,0.9298
cometparty_US,0.028098728,1939.373312,606.1994801,5.264433231,1311638,120137,224986,185284,124947,60838,44255,17532,127263,10.9179,10.4976,7.0791,1.5423,1.8007,1.4829,0.3283,0.4869,1.04,0.3542,0.1403,0.0946,1.0185,0.6869
concretepigeon_UK,0.025512617,1915.167258,605.9122953,5.176235299,1229847,81370,196123,157292,90930,65212,45080,21721,125522,15.1143,13.5252,7.8189,1.933,2.1569,1.7298,0.4146,0.7172,1.1175,0.4958,0.2389,0.1381,1.3804,0.798
CosmicKeys_NewZealand,0.017410152,2294.355521,606.7009042,5.557362959,16029,806,2322,1731,933,741,473,244,1901,19.8871,17.1801,9.26,2.1476,2.4887,1.8553,0.4281,0.7942,1.1576,0.507,0.2615,0.141,2.0375,1.0982
Cyridius_Ireland,0.025965811,2600.219327,609.4261778,5.469788361,20488,832,2562,1937,978,848,528,431,2492,24.625,20.9489,10.5772,2.3281,2.6196,1.9806,0.4378,0.8671,1.1755,0.5399,0.4407,0.2225,2.5481,1.2865
Cyrius_US,0.033502812,2614.116124,609.2746207,5.411287643,326623,26445,50512,40923,27302,13301,9731,4209,34035,12.351,11.9633,7.9814,1.5475,1.8501,1.4989,0.325,0.4872,1.0324,0.3564,0.1542,0.1029,1.2466,0.8317
DaveChild_UK,0.025775723,2152.285908,607.0892089,5.328208898,193945,12463,31161,24358,13873,9845,6528,2843,20570,15.5617,13.98,7.9623,1.9544,2.2462,1.7558,0.4042,0.7097,1.1131,0.4706,0.2049,0.1167,1.4827,0.8445
daychilde_US,0.027364474,1674.214293,603.5878546,5.064286934,56232,3760,9639,7483,4622,2741,1930,847,5189,14.9553,12.1662,7.5146,1.9902,2.0855,1.619,0.3663,0.593,1.2293,0.4176,0.1833,0.1132,1.1227,0.6934
dcman00000_US,0.024399513,2527.6867,610.8648904,5.554612452,94639,4140,11511,8847,4619,3984,2550,2000,12321,22.8597,20.4891,10.6973,2.137,2.4921,1.9153,0.4503,0.8625,1.1157,0.5521,0.433,0.2261,2.6675,1.3927
DEADB33F_UK,0.028761817,2270.472922,607.3829654,5.312695671,10867,494,1507,1076,544,506,305,229,1206,21.998,19.9761,10.0994,2.1781,2.7702,1.9779,0.4703,0.9301,1.1012,0.5607,0.421,0.2128,2.2169,1.1208
DejaBoo_US,0.02779748,2376.802443,607.103425,5.465222063,140705,6810,19718,14922,7657,6873,4138,2967,16294,20.6615,18.376,9.4294,2.1912,2.5752,1.9488,0.4606,0.8976,1.1244,0.5404,0.3875,0.1988,2.128,1.0919
Demonweed_US,0.029339987,2967.136747,614.2834839,5.68050865,455784,22399,63762,46751,25373,20805,13974,6042,59276,20.3484,17.9633,9.7492,2.0872,2.513,1.8425,0.445,0.82,1.1328,0.5507,0.2381,0.1292,2.3362,1.2679
designgoddess_US,0.024134774,1426.832891,601.2641039,4.851392981,14535,1343,2559,1996,1361,688,518,228,1284,10.8228,10.6796,7.2821,1.4862,1.8802,1.4666,0.3447,0.5055,1.0134,0.3806,0.1675,0.1142,0.9434,0.6433
deuteros_US,0.026390675,2295.927871,609.4237202,5.383952887,434924,29611,65853,53535,33396,19632,14689,7112,44257,14.6879,13.0232,8.1241,1.8079,1.9719,1.603,0.3667,0.5879,1.1278,0.4398,0.213,0.1328,1.3252,0.8267
dibblah_UK,0.020658768,1448.73981,602.2226274,4.865951643,1006012,57803,175018,138787,73150,58285,39156,15699,88330,17.4041,13.7527,7.2486,2.401,2.3926,1.8973,0.42,0.7968,1.2655,0.5353,0.2146,0.1131,1.2075,0.6364
DJWalnut_US,0.029843151,2088.211514,605.9230173,5.298230835,2368,147,383,282,183,89,71,40,207,16.1088,12.9399,8.3972,1.9184,2.0929,1.541,0.3156,0.4863,1.2449,0.388,0.2186,0.1418,1.1311,0.734
EbilSmurfs_US,0.024488562,1720.317167,604.4964069,5.146695467,1096417,58724,183882,143837,69812,67325,41813,17516,110250,18.6707,15.7053,7.6226,2.4494,2.634,2.0603,0.4681,0.9644,1.1888,0.5989,0.2509,0.1218,1.5792,0.7665
eighthgear_US,0.028107482,2549.446525,610.2950485,5.453739934,1742898,99493,249520,201166,118766,77294,55399,29712,191060,17.5178,14.6751,8.664,2.0219,2.1009,1.6938,0.3842,0.6508,1.1937,0.4665,0.2502,0.1477,1.6087,0.9498
Emperor_Mao_Australia,0.025583475,2321.042477,608.9926344,5.431369574,11781,875,1846,1408,923,463,353,148,1288,13.464,12.7638,8.3672,1.6091,2,1.5255,0.3288,0.5016,1.0549,0.3824,0.1603,0.1051,1.3954,0.9148
empw_US,0.029142574,1692.330237,603.6650637,5.188392753,1355,101,193,154,101,46,37,23,121,13.4158,13.4158,8.7987,1.5248,1.9109,1.5248,0.2987,0.4554,1,0.3663,0.2277,0.1494,1.198,0.7857
eoinster_Ireland,0.0238524,1796.416284,606.2498696,5.149808492,225131,8402,32159,25837,12318,11256,7173,4539,23334,26.7949,18.2766,8.7135,3.0751,2.6107,2.0975,0.4357,0.9138,1.4661,0.5823,0.3685,0.1757,1.8943,0.9031
erythro_UK,0.024813741,2236.896856,607.3565946,5.28509839,3890,196,624,433,232,197,115,94,373,19.8469,16.7672,8.9838,2.2092,2.6897,1.8664,0.455,0.8491,1.1837,0.4957,0.4052,0.2171,1.6078,0.8614
etalasi_US,0.033291016,2884.013375,611.9442115,5.482194818,847,38,85,62,42,20,18,6,75,22.2895,20.1667,13.6613,1.6316,2.0238,1.4762,0.3226,0.4762,1.1053,0.4286,0.1429,0.0968,1.7857,1.2097
exasperation_Canada,0.027212052,2807.757575,611.852209,5.612935425,275707,14647,36719,28313,16274,11642,7689,6146,32579,18.8234,16.9416,9.7378,1.933,2.2563,1.7398,0.4112,0.7154,1.1111,0.4725,0.3777,0.2171,2.0019,1.1507
FANGO_US,0.02640825,1804.955468,605.3807295,5.217532694,98701,5157,15634,12178,6059,5499,3185,1519,10354,19.1392,16.29,8.1049,2.3615,2.5803,2.0099,0.4516,0.9076,1.1749,0.5257,0.2507,0.1247,1.7089,0.8502
fernguts_Canada,0.033419802,2150.067429,606.0999133,5.183545879,21947,1515,3337,2658,1750,913,724,347,2176,14.4865,12.5411,8.257,1.7545,1.9069,1.5189,0.3435,0.5217,1.1551,0.4137,0.1983,0.1305,1.2434,0.8187
FireReadyAim_US,0.027845261,1859.306685,605.4145612,5.239367703,838493,51670,137830,106444,59074,45285,29170,13557,85556,16.2278,14.1939,7.8773,2.0601,2.3332,1.8019,0.4254,0.7666,1.1433,0.4938,0.2295,0.1274,1.4483,0.8038
fr-josh_US,0.024952864,2131.694546,606.4881401,5.184089937,1025879,84642,165461,138729,90751,48430,35382,17439,100525,12.1202,11.3043,7.3948,1.639,1.8232,1.5287,0.3491,0.5337,1.0722,0.3899,0.1922,0.1257,1.1077,0.7246
funkalunatic_US,0.026513001,2645.631389,610.7245585,5.586628562,8136,512,1142,867,551,349,225,189,903,15.8906,14.7659,9.3841,1.6934,2.0726,1.5735,0.4025,0.6334,1.0762,0.4083,0.343,0.218,1.6388,1.0415
GavinZac_Ireland,0.032388021,2369.387209,607.2108713,5.248399672,65362,4229,9955,7834,4695,2935,1957,1139,6852,15.4557,13.9216,8.3434,1.8524,2.1203,1.6686,0.3746,0.6251,1.1102,0.4168,0.2426,0.1454,1.4594,0.8746
Geosaurusrex_UK,0.020301168,1327.150188,601.5535075,4.937575341,284462,22623,50551,41331,24596,14528,10210,2558,25858,12.574,11.5654,6.8825,1.8269,2.0553,1.6804,0.3515,0.5907,1.0872,0.4151,0.104,0.0619,1.0513,0.6256
GetOffMyLawn__US,0.026656572,2061.462475,604.0932488,5.153723944,247672,20147,38913,30584,21903,9452,7395,5848,22088,12.2932,11.3077,8.0981,1.518,1.7766,1.3963,0.3091,0.4315,1.0872,0.3376,0.267,0.1912,1.0084,0.7222
gingerkid1234_US,0.027308437,2714.97235,611.9132129,5.400811952,5920,327,865,690,381,282,205,107,650,18.104,15.5381,8.5797,2.1101,2.2703,1.811,0.4087,0.7402,1.1651,0.5381,0.2808,0.1551,1.706,0.942
grogipher_UK,0.023643053,2187.768313,606.7484139,5.264378424,955655,64258,149612,122247,72637,46032,31577,15503,97854,14.8722,13.1566,7.8174,1.9024,2.0597,1.683,0.3765,0.6337,1.1304,0.4347,0.2134,0.1268,1.3472,0.8005
halfar_US,0.029439855,2192.254602,607.2447454,5.336878795,27986,1736,4198,3313,1882,1327,825,441,2981,16.121,14.8704,8.4473,1.9084,2.2306,1.7604,0.4005,0.7051,1.0841,0.4384,0.2343,0.1331,1.584,0.8998
Halk_UK,0.024520024,2138.240744,605.2575189,5.243125222,112801,7146,18810,14924,8217,6261,4169,1915,10904,15.7852,13.7278,7.5584,2.0884,2.2892,1.8162,0.4195,0.762,1.1499,0.5074,0.2331,0.1283,1.327,0.7306
Hamakua_US,0.029274255,2297.581099,607.5192314,5.373405816,1303425,70419,191045,148512,80909,61243,39771,25933,138500,18.5096,16.1098,8.7766,2.109,2.3612,1.8355,0.4124,0.7569,1.149,0.4916,0.3205,0.1746,1.7118,0.9326
hankbaumbach_US,0.027397011,1930.088107,605.8470216,5.161339139,5979,292,839,631,330,286,166,147,637,20.476,18.1182,9.4754,2.161,2.5424,1.9121,0.4532,0.8667,1.1301,0.503,0.4455,0.233,1.9303,1.0095
Honey_Otter_UK,0.020096093,1736.858528,604.3070331,5.136299054,681012,41106,104740,83070,46510,33593,21465,12583,68848,16.5672,14.6423,8.198,2.0209,2.252,1.7861,0.4044,0.7223,1.1315,0.4615,0.2705,0.1515,1.4803,0.8288
hrbuchanan_US,0.025630075,2024.959922,606.0399592,5.400072394,12945,628,1751,1288,710,515,350,265,1362,20.6131,18.2324,10.0505,2.051,2.4662,1.8141,0.3998,0.7254,1.1306,0.493,0.3732,0.2057,1.9183,1.0575
Hungry_Lion_US,0.029646844,2052.697119,605.7905493,5.193373784,359046,24353,56066,45029,26993,17562,12175,5665,36982,14.7434,13.3014,7.9737,1.849,2.0771,1.6682,0.39,0.6506,1.1084,0.451,0.2099,0.1258,1.3701,0.8213
ieya404_UK,0.029302934,2582.13765,610.1658242,5.438368168,18416,761,2625,1950,943,895,505,241,2013,24.1997,19.5292,9.4441,2.5624,2.7837,2.0679,0.459,0.9491,1.2392,0.5355,0.2556,0.1236,2.1347,1.0323
IIHURRlCANEII_US,0.022136074,1382.18075,601.8780148,5.008222345,1310,59,157,124,71,45,33,25,161,22.2034,18.4507,10.5645,2.1017,2.2113,1.7465,0.3629,0.6338,1.2034,0.4648,0.3521,0.2016,2.2676,1.2984
inawordno_UK,0.022784345,2144.848311,609.0163375,5.34512257,9514,586,1159,910,602,318,212,216,1255,16.2355,15.804,10.4549,1.5529,1.9252,1.5116,0.3495,0.5282,1.0273,0.3522,0.3588,0.2374,2.0847,1.3791
InfanticideAquifer_US,0.028045417,2103.977009,607.8219184,5.314755557,218454,14912,35282,28005,15945,11676,7668,2437,23182,14.6495,13.7005,7.8005,1.878,2.2127,1.7563,0.4169,0.7323,1.0693,0.4809,0.1528,0.087,1.4539,0.8278
IntellegentIdiot_UK,0.023828002,1465.166983,602.4238991,5.018735679,4596,165,645,542,222,266,141,99,504,27.8545,20.7027,8.4797,3.2848,2.9054,2.4414,0.4908,1.1982,1.3455,0.6351,0.4459,0.1827,2.2703,0.9299
ionised_UK,0.032340037,1860.202286,604.5064638,5.088284472,26062,1253,3498,2650,1453,1062,687,375,2717,20.7997,17.9367,9.8347,2.1149,2.4074,1.8238,0.4008,0.7309,1.1596,0.4728,0.2581,0.1415,1.8699,1.0253
ItsPronouncedMo-BEEL_US,0.031719512,2036.983926,605.1223468,5.138254428,9465,543,1290,985,646,331,236,191,940,17.4309,14.6517,9.6091,1.814,1.9969,1.5248,0.336,0.5124,1.1897,0.3653,0.2957,0.1939,1.4551,0.9543
JamesColesPardon_US,0.028941067,2212.727653,607.6691541,5.326354073,25595,1116,3500,2557,1263,1193,666,719,2701,22.9346,20.2652,10.0098,2.2912,2.7712,2.0245,0.4666,0.9446,1.1317,0.5273,0.5693,0.2812,2.1386,1.0563
janethefish_US,0.025038944,2382.630247,608.6203732,5.438900348,982354,78625,161854,125975,81465,45453,31946,14929,99270,12.4942,12.0586,7.798,1.6022,1.9868,1.5464,0.3608,0.5579,1.0361,0.3921,0.1833,0.1185,1.2186,0.788
jb2386_Australia,0.026845817,2062.658138,606.4553864,5.403244549,16558,910,2545,1921,1039,825,504,278,1686,18.1956,15.9365,8.6195,2.111,2.4495,1.8489,0.4295,0.794,1.1418,0.4851,0.2676,0.1447,1.6227,0.8777
Jdog2010_US,0.023190963,1635.701203,603.9389184,5.084155443,273,12,25,17,12,7,2,6,27,22.75,22.75,16.0588,1.4167,2.0833,1.4167,0.4118,0.5833,1,0.1667,0.5,0.3529,2.25,1.5882
JediCapitalist_Australia,0.02765083,2222.687616,607.2661399,5.320873819,1197,57,156,121,68,53,42,27,123,21,17.6029,9.8926,2.1228,2.2941,1.7794,0.438,0.7794,1.193,0.6176,0.3971,0.2231,1.8088,1.0165
jesse9o3_UK,0.027329661,2295.716853,606.9648955,5.322894319,1446,81,209,144,90,52,30,34,122,17.8519,16.0667,10.0417,1.7778,2.3222,1.6,0.3611,0.5778,1.1111,0.3333,0.3778,0.2361,1.3556,0.8472
JimboLodisC_US,0.024940425,1317.935024,603.5311263,5.293283681,1329,57,148,122,67,48,38,19,147,23.3158,19.8358,10.8934,2.1404,2.209,1.8209,0.3934,0.7164,1.1754,0.5672,0.2836,0.1557,2.194,1.2049
kent_eh_Canada,0.030822898,2067.991178,606.4720188,5.248178915,1441,79,222,161,88,73,50,19,160,18.2405,16.375,8.9503,2.038,2.5227,1.8295,0.4534,0.8295,1.1139,0.5682,0.2159,0.118,1.8182,0.9938
Kinmuan_US,0.026411143,1927.766766,604.2195227,5.187432285,739,32,89,64,35,23,18,13,58,23.0938,21.1143,11.5469,2,2.5429,1.8286,0.3594,0.6571,1.0938,0.5143,0.3714,0.2031,1.6571,0.9062
Korlus_UK,0.024537008,2555.53894,606.8412464,5.388560956,14472,527,1660,1211,649,555,368,252,1582,27.4611,22.2989,11.9505,2.2979,2.5578,1.8659,0.4583,0.8552,1.2315,0.567,0.3883,0.2081,2.4376,1.3064
kupovi_US,0.022610103,1353.548901,601.215266,5.075035746,98290,7406,15227,12087,7998,4042,2884,2374,9458,13.2717,12.2893,8.1319,1.6321,1.9039,1.5113,0.3344,0.5054,1.0799,0.3606,0.2968,0.1964,1.1825,0.7825
letsgocrazy_UK,0.028730869,1951.969443,604.885608,5.208429595,1491671,95155,255058,197112,108787,82785,53229,26356,147310,15.6762,13.7118,7.5676,2.0715,2.3446,1.8119,0.42,0.761,1.1433,0.4893,0.2423,0.1337,1.3541,0.7473
Lolworth_UK,0.02824658,1980.805756,604.8530885,5.164737184,3634,199,480,367,231,126,95,54,389,18.2613,15.7316,9.9019,1.8442,2.0779,1.5887,0.3433,0.5455,1.1608,0.4113,0.2338,0.1471,1.684,1.0599
LtLabcoat_Ireland,0.025945645,1949.587647,605.2648844,5.251429691,506084,30770,84793,66609,33903,29489,17345,5903,52824,16.4473,14.9274,7.5978,2.1647,2.501,1.9647,0.4427,0.8698,1.1018,0.5116,0.1741,0.0886,1.5581,0.793
lynnangel_Canada,0.025088391,1483.077941,602.5557348,5.057616397,611279,42754,107362,84074,46293,36175,22051,8923,58227,14.2976,13.2046,7.2707,1.9665,2.3192,1.8161,0.4303,0.7814,1.0828,0.4763,0.1928,0.1061,1.2578,0.6926
michaelnoir_UK,0.032516696,3438.773114,613.0864164,5.587963122,20594,1636,1739,1369,816,509,277,383,2301,12.588,25.2377,15.0431,0.8368,2.1311,1.6777,0.3718,0.6238,0.4988,0.3395,0.4694,0.2798,2.8199,1.6808
MightierThanThou_US,0.025212508,2706.186051,608.7980367,5.493879227,1193360,66753,166750,133883,72378,57816,36162,23529,135587,17.8772,16.4879,8.9135,2.0056,2.3039,1.8498,0.4318,0.7988,1.0843,0.4996,0.3251,0.1757,1.8733,1.0127
mikemcg_Canada,0.030293209,1912.740992,605.3546301,5.076066771,16691,1034,2509,1948,1174,694,508,315,1615,16.1422,14.2172,8.5683,1.8839,2.1371,1.6593,0.3563,0.5911,1.1354,0.4327,0.2683,0.1617,1.3756,0.8291
Miserygut_UK,0.028091541,2411.427462,608.570992,5.429497757,521215,34417,79108,60464,37096,22901,16065,9883,55771,15.1441,14.0504,8.6203,1.7568,2.1325,1.6299,0.3788,0.6173,1.0778,0.4331,0.2664,0.1635,1.5034,0.9224
MMSTINGRAY_UK,0.025545607,2147.53,606.8742964,5.273642456,11460,418,1343,1010,503,501,273,309,1422,27.4163,22.7833,11.3465,2.4163,2.67,2.008,0.496,0.996,1.2033,0.5427,0.6143,0.3059,2.827,1.4079
MrDanger_US,0.032228889,2082.189308,605.594634,5.261591118,6122,275,534,413,294,137,62,137,595,22.2618,20.8231,14.8232,1.5018,1.8163,1.4048,0.3317,0.466,1.0691,0.2109,0.466,0.3317,2.0238,1.4407
MrDannyOcean_US,0.027203122,2343.182826,609.1571672,5.474089533,19093,864,2203,1616,987,592,407,426,2373,22.0984,19.3445,11.815,1.8704,2.232,1.6373,0.3663,0.5998,1.1424,0.4124,0.4316,0.2636,2.4043,1.4684
mrducky78_Australia,0.028128765,2575.505648,607.579678,5.468245607,23960,1437,3242,2386,1536,775,538,503,2533,16.6736,15.599,10.0419,1.6604,2.1107,1.5534,0.3248,0.5046,1.0689,0.3503,0.3275,0.2108,1.6491,1.0616
Murgie_Canada,0.030920208,2686.631642,610.7385974,5.49209438,22463,1246,3539,2629,1346,1246,714,337,2320,18.0281,16.6887,8.5443,2.11,2.6293,1.9532,0.4739,0.9257,1.0803,0.5305,0.2504,0.1282,1.7236,0.8825
mwmwmwmwmmdw_Canada,0.02556468,1938.363842,604.1893007,5.165990576,38062,1312,5327,3980,1521,2168,953,932,4309,29.0107,25.0243,9.5633,3.0335,3.5023,2.6167,0.5447,1.4254,1.1593,0.6266,0.6128,0.2342,2.833,1.0827
My_usrname_of_choice_NewZealand,0.027081984,1961.142618,604.6120274,5.256776472,180626,18529,32466,26663,18699,7930,5817,2119,16255,9.7483,9.6597,6.7744,1.439,1.7362,1.4259,0.2974,0.4241,1.0092,0.3111,0.1133,0.0795,0.8693,0.6096
NickTM_UK,0.027418089,1998.001858,606.2061287,5.167583637,40888,1685,4726,3440,1933,1426,829,598,4378,24.2659,21.1526,11.886,2.0415,2.4449,1.7796,0.4145,0.7377,1.1472,0.4289,0.3094,0.1738,2.2649,1.2727
NinjaDiscoJesus_Ireland,0.026985205,1602.54698,602.3873131,5.08249663,7863,417,1090,894,452,393,193,188,896,18.8561,17.396,8.7953,2.1439,2.4115,1.9779,0.4396,0.8695,1.0839,0.427,0.4159,0.2103,1.9823,1.0022
nixonrichard_US,0.029023901,2456.622923,609.6419418,5.440526789,648,32,88,67,33,30,11,14,82,20.25,19.6364,9.6716,2.0938,2.6667,2.0303,0.4478,0.9091,1.0312,0.3333,0.4242,0.209,2.4848,1.2239
nliausacmmv_US,0.030066296,1957.2358,605.6613816,5.240024404,125202,9366,21304,17277,10176,6840,4425,1586,12222,13.3677,12.3037,7.2467,1.8447,2.0936,1.6978,0.3959,0.6722,1.0865,0.4348,0.1559,0.0918,1.2011,0.7074
noeatnosleep_US,0.026938086,1486.719034,596.6279166,6.151706402,75625,4971,10287,7757,5294,2588,1712,1703,8027,15.2132,14.285,9.7493,1.5605,1.9431,1.4652,0.3336,0.4889,1.065,0.3234,0.3217,0.2195,1.5162,1.0348
noelsusman_US,0.026388497,1915.490574,606.5819325,5.30199478,11757,720,1782,1360,799,525,376,196,1243,16.3292,14.7146,8.6449,1.8889,2.2303,1.7021,0.386,0.6571,1.1097,0.4706,0.2453,0.1441,1.5557,0.914
Odusei_US,0.03157493,1935.006555,605.5064742,5.205177603,312,7,42,26,13,7,4,4,24,44.5714,24,12,3.7143,3.2308,2,0.2692,0.5385,1.8571,0.3077,0.3077,0.1538,1.8462,0.9231
oh_no_aliens_UK,0.034444027,1987.668547,604.5691752,5.167079301,245717,19448,40768,32812,20363,11514,7653,4113,24297,12.6346,12.0668,7.4886,1.6872,2.0021,1.6114,0.3509,0.5654,1.047,0.3758,0.202,0.1254,1.1932,0.7405
owlbi_US,0.027982586,2096.564341,607.6153049,5.284874248,881390,45344,137118,108178,56311,45457,29807,14173,92203,19.4379,15.6522,8.1476,2.3857,2.435,1.9211,0.4202,0.8072,1.2419,0.5293,0.2517,0.131,1.6374,0.8523
peter_j__UK,0.031568597,3166.094327,611.875337,5.524057663,69,4,8,6,5,1,1,1,7,17.25,13.8,11.5,1.5,1.6,1.2,0.1667,0.2,1.25,0.2,0.2,0.1667,1.4,1.1667
phedre_Canada,0.028652005,2054.234404,603.2974153,5.306258974,22865,1198,3243,2553,1400,989,646,447,2418,19.086,16.3321,8.9561,2.1311,2.3164,1.8236,0.3874,0.7064,1.1686,0.4614,0.3193,0.1751,1.7271,0.9471
Plowbeast_US,0.029354744,2915.015469,612.8361295,5.617195205,13622,434,1496,1163,492,617,306,360,1766,31.3871,27.687,11.7128,2.6797,3.0407,2.3638,0.5305,1.2541,1.1336,0.622,0.7317,0.3095,3.5894,1.5185
Pocahontas_Spaceman_Canada,0.028873328,2292.278302,608.2456795,5.404312015,20656,1188,2988,2229,1264,904,528,359,2290,17.3872,16.3418,9.2669,1.8763,2.3639,1.7634,0.4056,0.7152,1.064,0.4177,0.284,0.1611,1.8117,1.0274
Popeychops_UK,0.028966158,2418.606419,607.9180242,5.338915703,3928,198,486,370,217,138,91,59,445,19.8384,18.1014,10.6162,1.8687,2.2396,1.7051,0.373,0.6359,1.096,0.4194,0.2719,0.1595,2.0507,1.2027
poptart2nd_US,0.028826036,2127.984936,605.9277395,5.331454673,58875,3078,8809,6637,3715,2713,1793,921,5995,19.1277,15.8479,8.8707,2.1563,2.3712,1.7865,0.4088,0.7303,1.207,0.4826,0.2479,0.1388,1.6137,0.9033
potpan0_UK,0.025870168,2235.179787,608.0395016,5.313884507,18711,934,2707,2130,1173,851,634,386,1814,20.0332,15.9514,8.7845,2.2805,2.3078,1.8159,0.3995,0.7255,1.2559,0.5405,0.3291,0.1812,1.5465,0.8516
PraiseBeToScience_US,0.028173675,2362.922219,608.7342921,5.424261485,8340,403,1166,849,432,371,207,139,886,20.6948,19.3056,9.8233,2.1067,2.6991,1.9653,0.437,0.8588,1.072,0.4792,0.3218,0.1637,2.0509,1.0436
Rather_Unfortunate_UK,0.030263724,2678.340969,610.3574164,5.411825461,230021,11567,31172,23752,13753,9619,6610,4790,25910,19.886,16.7252,9.6843,2.0534,2.2666,1.727,0.405,0.6994,1.189,0.4806,0.3483,0.2017,1.884,1.0909
rcglinsk_US,0.029485216,2639.977997,610.732473,5.51960563,130842,8318,19734,15305,8923,6027,4058,2127,15056,15.73,14.6635,8.549,1.84,2.2116,1.7152,0.3938,0.6754,1.0727,0.4548,0.2384,0.139,1.6873,0.9837
reboticon_US,0.023763101,1988.466744,603.4984756,5.171019345,3028,157,459,343,198,140,94,69,283,19.2866,15.2929,8.828,2.1847,2.3182,1.7323,0.4082,0.7071,1.2611,0.4747,0.3485,0.2012,1.4293,0.8251
recreational_US,0.029744049,2612.117761,609.9366953,5.492006334,10196,416,1357,1010,503,465,269,267,1168,24.5096,20.2704,10.095,2.4279,2.6978,2.008,0.4604,0.9245,1.2091,0.5348,0.5308,0.2644,2.3221,1.1564
ridik_ulass_Ireland,0.027678737,1939.511534,604.5230868,5.182589847,5677,241,844,626,340,249,174,159,519,23.556,16.6971,9.0687,2.5975,2.4824,1.8412,0.3978,0.7324,1.4108,0.5118,0.4676,0.254,1.5265,0.8291
RsonW_US,0.031354373,2265.963919,607.5543171,5.291649202,294760,22414,44535,36712,23980,12005,8692,4985,28824,13.1507,12.2919,8.029,1.6379,1.8572,1.5309,0.327,0.5006,1.0699,0.3625,0.2079,0.1358,1.202,0.7851
RushofBlood52_US,0.02754909,2128.504321,608.0960111,5.334670645,1123,93,149,123,88,37,28,37,92,12.0753,12.7614,9.1301,1.3226,1.6932,1.3977,0.3008,0.4205,0.9462,0.3182,0.4205,0.3008,1.0455,0.748
samsaBEAR_UK,0.022441352,1414.613492,602.1542847,4.994681912,75641,2522,12486,9614,3764,4694,2507,1293,7243,29.9925,20.0959,7.8678,3.8121,3.3172,2.5542,0.4882,1.2471,1.4925,0.666,0.3435,0.1345,1.9243,0.7534
satanspanties_UK,0.025183925,1843.74089,604.1863833,5.086190861,63888,3842,8901,6813,4411,2507,1794,1486,6394,16.6288,14.4838,9.3774,1.7733,2.0179,1.5445,0.368,0.5684,1.1481,0.4067,0.3369,0.2181,1.4496,0.9385
Scherazade_UK,0.03197136,2455.253544,607.8114183,5.202695932,969802,60453,149805,116446,67599,45479,28727,15827,102046,16.0422,14.3464,8.3283,1.9262,2.2161,1.7226,0.3906,0.6728,1.1182,0.425,0.2341,0.1359,1.5096,0.8763
sellyme_Australia,0.025983868,2055.6393,607.4293186,5.29482884,241970.8274,15544.86905,38163.1131,30066.15476,17367.46429,11985.69643,7990.27381,4054.779762,24901.3631,18.4704881,16.17665298,9.108104167,2.019775595,2.306441667,1.767191667,0.397954762,0.720591667,1.130242857,0.46013631,0.302908333,0.169984524,1.710055952,0.958523214
serpentjaguar_US,0.027172184,2253.555022,607.3704246,5.305789476,912362,44545,134093,108328,53519,51396,30796,18570,98335,20.4818,17.0474,8.4222,2.4319,2.5055,2.0241,0.4744,0.9603,1.2015,0.5754,0.347,0.1714,1.8374,0.9078
SexyMrSkeltal_US,0.024087389,1671.690202,604.0401841,5.094170871,918435,45422,145725,109132,55082,48099,31357,13897,82591,20.22,16.674,8.4158,2.4026,2.6456,1.9813,0.4407,0.8732,1.2127,0.5693,0.2523,0.1273,1.4994,0.7568
Shotgun_Sentinel_US,0.02257313,2034.975946,605.9239851,5.266212731,1766361,110295,290109,226809,125450,96960,64510,31597,178303,16.0149,14.0802,7.7879,2.0564,2.3125,1.808,0.4275,0.7729,1.1374,0.5142,0.2519,0.1393,1.4213,0.7861
SilasX_US,0.030775387,2361.801456,608.2518177,5.396675169,132903,8582,21456,16418,9227,6722,4209,1774,13898,15.4863,14.4037,8.095,1.9131,2.3253,1.7793,0.4094,0.7285,1.0752,0.4562,0.1923,0.1081,1.5062,0.8465
skeletor100_UK,0.022239325,2514.651864,609.3909139,5.470206706,202555,11795,29503,22267,12168,10112,6202,3663,22185,17.173,16.6465,9.0966,1.8878,2.4246,1.83,0.4541,0.831,1.0316,0.5097,0.301,0.1645,1.8232,0.9963
slapchopsuey_US,0.031456847,2353.7753,608.0029531,5.349438247,6359,252,856,625,320,282,160,139,725,25.2341,19.8719,10.1744,2.4802,2.675,1.9531,0.4512,0.8812,1.2698,0.5,0.4344,0.2224,2.2656,1.16
SolidBlues_US,0.023761079,2636.933398,612.1313179,5.547579199,301204,16163,48737,37953,18340,18359,10753,4967,34146,18.6354,16.4233,7.9362,2.3481,2.6574,2.0694,0.4837,1.001,1.1347,0.5863,0.2708,0.1309,1.8618,0.8997
Spartan448_US,0.026768509,2541.310117,608.5776298,5.337799716,8522,289,1140,799,379,379,217,210,840,29.4879,22.4855,10.6658,2.7647,3.0079,2.1082,0.4743,1,1.3114,0.5726,0.5541,0.2628,2.2164,1.0513
Speech500_UK,0.026291869,2230.71606,607.5982884,5.235395142,5878,327,858,692,376,303,198,104,562,17.9755,15.633,8.4942,2.1162,2.2819,1.8404,0.4379,0.8059,1.1498,0.5266,0.2766,0.1503,1.4947,0.8121
Spoonfeedme_Canada,0.026907991,2599.094817,610.2653722,5.488981549,38649,2405,5976,4667,2690,1865,1246,690,4188,16.0703,14.3677,8.2813,1.9405,2.2216,1.7349,0.3996,0.6933,1.1185,0.4632,0.2565,0.1478,1.5569,0.8974
tathougies_US,0.023839557,2516.405252,609.9965398,5.450876685,10695,603,1449,1152,689,406,307,239,1145,17.7363,15.5225,9.2839,1.9104,2.103,1.672,0.3524,0.5893,1.1426,0.4456,0.3469,0.2075,1.6618,0.9939
tehbored_US,0.027921941,2306.257303,608.8181036,5.453400618,849518,65606,135600,110007,72635,36659,28246,12935,86062,12.9488,11.6957,7.7224,1.6768,1.8669,1.5145,0.3332,0.5047,1.1071,0.3889,0.1781,0.1176,1.1849,0.7823
thabe331_US,0.022695923,1746.435585,604.4240422,5.099541956,335475,14499,57926,45614,16082,25666,10663,3825,40071,23.1378,20.8603,7.3546,3.146,3.6019,2.8363,0.5627,1.5959,1.1092,0.663,0.2378,0.0839,2.4917,0.8785
themusicgod1_Canada,0.027645792,2226.645016,607.5066112,5.405268086,13106,696,1865,1381,780,598,373,198,1468,18.8305,16.8026,9.4902,1.9842,2.391,1.7705,0.433,0.7667,1.1207,0.4782,0.2538,0.1434,1.8821,1.063
TheNaughtyMonkey_US,0.029086912,2153.669784,605.9844321,5.284669879,163620,13448,25201,20565,13842,6810,4966,2276,17267,12.1669,11.8205,7.9562,1.5292,1.8206,1.4857,0.3311,0.492,1.0293,0.3588,0.1644,0.1107,1.2474,0.8396
theorymeltfool_US,0.027546309,1899.626489,605.9154254,5.2900333,48317,2674,7075,5587,3107,2326,1537,821,4974,18.0692,15.551,8.6481,2.0894,2.2771,1.7982,0.4163,0.7486,1.1619,0.4947,0.2642,0.1469,1.6009,0.8903
TikiTDO_Canada,0.024462409,2109.559895,608.6431732,5.393187309,4526,222,647,462,258,200,142,69,475,20.3874,17.5426,9.7965,2.0811,2.5078,1.7907,0.4329,0.7752,1.1622,0.5504,0.2674,0.1494,1.8411,1.0281
TMWNN_US,0.031796666,2614.880851,610.3513735,5.4340067,4147,247,506,379,237,136,93,84,447,16.7895,17.4979,10.942,1.5344,2.135,1.5992,0.3588,0.5738,0.9595,0.3924,0.3544,0.2216,1.8861,1.1794
UnbiasedPashtun_US,0.024107995,2716.873502,609.1641939,5.399417625,9396,415,1223,918,475,420,253,190,1127,22.641,19.7811,10.2353,2.212,2.5747,1.9326,0.4575,0.8842,1.1446,0.5326,0.4,0.207,2.3726,1.2277
uzimonkey_US,0.026303339,1853.809385,603.9006157,5.161842769,349394,21255,56169,43933,24915,16937,11792,6546,31656,16.4382,14.0234,7.9529,2.0669,2.2544,1.7633,0.3855,0.6798,1.1722,0.4733,0.2627,0.149,1.2706,0.7206
vokegaf_US,0.02898705,2882.053202,611.5002266,5.554678216,21488,1066,2989,2231,1211,942,631,393,2449,20.1576,17.744,9.6316,2.0929,2.4682,1.8423,0.4222,0.7779,1.136,0.5211,0.3245,0.1762,2.0223,1.0977
wadcann_US,0.030480163,2588.410229,610.3716635,5.481447521,246,9,32,22,9,15,6,5,32,27.3333,27.3333,11.1818,2.4444,3.5556,2.4444,0.6818,1.6667,1,0.6667,0.5556,0.2273,3.5556,1.4545
WellHeresMyFourthAcc_US,0.028625701,2407.275803,610.2584318,5.43854772,18411,890,2654,1948,1041,834,527,377,1911,20.6865,17.6859,9.4512,2.1888,2.5495,1.8713,0.4281,0.8012,1.1697,0.5062,0.3622,0.1935,1.8357,0.981
whatthefuckguys_US,0.031318108,2116.83713,606.2003653,5.210333626,80811,5201,12045,9323,6059,3211,2455,1546,8135,15.5376,13.3373,8.6679,1.7925,1.988,1.5387,0.3444,0.53,1.165,0.4052,0.2552,0.1658,1.3426,0.8726
Wheezin_Ed_US,0.027122694,1866.217771,605.279439,5.168012255,179963,9331,29219,22668,11309,10531,6361,3037,19604,19.2866,15.9133,7.9391,2.4293,2.5837,2.0044,0.4646,0.9312,1.212,0.5625,0.2685,0.134,1.7335,0.8648
whubbard_US,0.025376406,1832.237972,604.9445962,5.219769435,271384,20248,43892,34928,21929,12679,9047,3664,26481,13.403,12.3756,7.7698,1.725,2.0016,1.5928,0.363,0.5782,1.083,0.4126,0.1671,0.1049,1.2076,0.7582
Xalteox_US,0.023530722,2327.471367,607.8408596,5.437493522,1294,67,201,150,75,58,37,25,124,19.3134,17.2533,8.6267,2.2388,2.68,2,0.3867,0.7733,1.1194,0.4933,0.3333,0.1667,1.6533,0.8267
Xanza_US,0.027668294,1956.646627,606.5049997,5.318566503,262036,16893,42823,32414,18630,13421,8635,4065,25631,15.5115,14.0653,8.084,1.9188,2.2986,1.7399,0.414,0.7204,1.1028,0.4635,0.2182,0.1254,1.3758,0.7907
Yuli-Ban_US,0.02992082,2491.726419,609.0551976,5.434044879,20152,1059,2394,1853,1164,678,465,563,2652,19.0293,17.3127,10.8753,1.7498,2.0567,1.5919,0.3659,0.5825,1.0992,0.3995,0.4837,0.3038,2.2784,1.4312
Zen_Drifter_US,0.022185841,2430.359147,605.9663701,5.304307525,1572,113,196,175,112,53,36,31,161,13.9115,14.0357,8.9829,1.5487,1.75,1.5625,0.3029,0.4732,0.9912,0.3214,0.2768,0.1771,1.4375,0.92
Zouden_Australia,0.024142377,2223.940606,606.1065858,5.339091104,72285,5361,11345,9083,5869,3098,2259,945,6897,13.4835,12.3164,7.9583,1.6943,1.933,1.5476,0.3411,0.5279,1.0948,0.3849,0.161,0.104,1.1752,0.7593
,,,,,,,,,,,,,,,,,,,,,,,,,,,
,,,,,,,,,,,,,,,,,,,,,,,,,,,
native_avg,0.02700994,2186.08013,606.9970226,5.313534749,243411.1299,15637.39803,38390.27448,30245.11997,17470.84205,12057.03986,8037.834963,4078.915356,25049.58549,18.58043148,16.27294258,9.162319072,2.031798069,2.320170486,1.777710665,0.40032354,0.724880903,1.136970493,0.462875216,0.304711359,0.170996336,1.720234857,0.96422871
non_native_avg,0.027010529,2186.333639,606.9985184,5.313586602,241824.3271,15536.93016,38106.77612,30016.27544,17350.26373,11959.99248,7977.536362,4052.075566,24897.3985,18.59766976,16.28934283,9.172663234,2.0313177,2.320409596,1.777454776,0.40024868,0.724721265,1.136831627,0.462763759,0.305170355,0.171270124,1.722488636,0.965581857
native_std,0.00343996,393.2854154,2.866123461,0.176556584,398714.7908,26436.03946,63549.96361,50200.84233,29361.61319,20100.02275,13485.56447,6742.832552,41080.75059,4.697867913,3.326614299,1.498211886,0.409869106,0.354946771,0.245577651,0.062206014,0.210598003,0.112169991,0.089140728,0.107880185,0.054075913,0.47103288,0.211540385
non-native_std,0.003638849,372.9479314,2.53240475,0.204054397,494287.2543,31373.63699,77336.9201,60396.76558,35024.7815,24499.49057,16174.20896,8968.076678,50262.93506,3.515990146,2.745931668,1.15368927,0.326301051,0.303702146,0.210492761,0.056282603,0.176361193,0.087972311,0.079924026,0.10118732,0.055184602,0.40279873,0.18492134
,,,,,,,,,,,,,,,,,,,,,,,,,,,
stat,4.11985,0.431940867,1.20356482,-0.202058687,-3.244349225,-2.898121211,-3.106823916,-3.034649781,-2.970049578,-3.051086724,-3.024070205,-3.479957257,-3.200679027,0.753649442,0.842107325,1.210065997,-0.060750726,-0.093058853,-0.120556203,0.111057014,0.16511984,-0.167753645,-0.223716067,1.070257269,1.042282891,0.907169678,0.265205577
p-value,4.79E-05,0.666063098,0.229610163,0.839993859,0.00129623,0.004002115,0.002053251,0.002597135,0.003193078,0.002462758,0.002687154,0.000568014,0.001502681,0.45159069,0.400330449,0.227109265,0.951594067,0.9259126,0.904115049,0.911637841,0.868949549,0.866878619,0.823115017,0.285276328,0.298034374,0.364971099,
